date,ann_vol_1m_%,skew_1m,kurt_1m,max_ret_1m,min_ret_1m,streak_up_1m,streak_down_1m,RSI14_last,MA_GAP50_last,MACD_hist_last,high_vol,ECSU,vix_close,Annual_CPI,Oil,Current_Account,Gold_Reserve,Forex_Reserve
2006-03-31,11.313236413978869,0.0822000899329924,-0.6454186230451375,0.0168337286709006,-0.010669037563903,5,3,49.4496189669771,1.4064012602894582,0.0018483627404029,1,268.60485120952995,11.39,8.16,6606.0,-3053.0,2176.0,58283.0
2006-04-30,5.433343334692848,-0.3572278693904939,0.5658570342827098,0.0056141926790926,-0.0094564408041697,3,7,41.16607773851592,-0.6121136435528585,-0.0022947538627451,0,246.86938499223191,11.59,8.83,7215.0,-3746.0,2176.0,59753.0
2006-05-31,25.11666796672629,1.140709482777531,1.3990498163715062,0.0489019855469023,-0.0206815995602583,5,2,83.97753551370994,12.24374089591469,0.0113996987313811,1,263.06120358593387,16.44,9.86,6757.0,-4035.0,2176.0,59570.0
2006-06-30,26.060210202466006,0.5206614392988071,0.0105158548171355,0.0399637868598035,-0.0273689188390376,5,4,61.69083834453484,8.2008534606,-0.0055425423031207,1,272.1472041126031,13.08,10.12,732.0,-2684.0,2266.0,56732.0
2006-07-31,19.91631108454388,0.3630448299784211,-0.0609320723113238,0.022756742738589,-0.0253838921968034,2,4,32.520325203251986,-4.497866996150945,-0.0093724520453905,1,132.29765563070035,14.95,11.69,7475.0,-1645.0,2266.0,57134.0
2006-08-31,12.829977838716786,0.0187640144460101,-0.6242178222769512,0.0154373927958832,-0.0158399892610242,2,7,58.31305758313052,-3.743643478930347,0.006662507356273,1,268.1844564882768,12.31,10.26,6766.0,-1376.0,2266.0,57114.0
2006-09-30,19.362354455670346,1.1204583571928874,2.576580287840759,0.038487599945792,-0.0194869103077226,4,2,55.69892473118282,1.1328279952614428,0.0046199532346012,1,260.9338026240438,11.98,10.55,5909.0,-1337.0,2242.0,58526.0
2006-10-31,10.26776201382724,-0.0994732936902314,-0.8436374640257354,0.0099946695095949,-0.0126006069402296,2,4,27.030162412993132,-1.3741689804129045,-0.0047483527796505,1,133.96613517196474,11.1,9.98,5613.0,-2074.0,2242.0,55809.0
2006-11-30,10.322829289696823,-0.2086130290228109,-0.6272376499818217,0.0109088429808412,-0.0128135223555071,6,2,58.80000000000004,-0.4730076283674278,0.003694330971945,1,136.59303533000332,10.91,9.86,6436.0,-2821.0,2242.0,58491.0
2006-12-31,6.68337324669413,0.0540014946882098,-0.1563076432021519,0.0070495542193655,-0.0096796182685753,2,3,35.68627450980392,-1.9480564321771143,0.0001531973259481,0,138.2092659990463,11.56,9.65,5896.0,-2732.0,2373.0,60845.0
2007-01-31,10.684829052001582,0.6270773492200514,-0.6174665418226608,0.0127879044792991,-0.0088166414106625,4,3,35.606060606060566,-0.5349811997889531,0.0010474172285448,1,102.04789780393192,10.42,9.93,5652.0,-3116.0,2373.0,61355.0
2007-02-28,7.305926371340298,0.4873528466031706,0.0370129641052359,0.0093073593073593,-0.0094346264873617,2,6,48.01178203240064,-1.1220166613183369,0.0005732020388163,0,101.40681450288248,15.42,10.16,5939.0,-3078.0,2373.0,62953.0
2007-03-31,13.457112901974147,0.7352806715505759,0.4282222626189296,0.0214556163230965,-0.0134541460735859,4,5,35.27542372881351,-0.950246130957888,-0.0018677473210947,1,201.8106316344412,14.64,10.86,6847.0,-2985.0,2473.0,67498.0
2007-04-30,8.279783987608063,-0.1521006574394734,-0.505750374594673,0.007635851434502,-0.0123602118893466,2,4,32.45614035087729,-3.820776961982597,-0.0025545816939821,0,96.90834406428212,14.22,10.72,6723.0,-3208.0,2473.0,66178.0
2007-05-31,13.414033592404987,0.7259063816290092,2.0450602607073964,0.0251162093267356,-0.0172850220582917,3,3,45.51201011378012,-1.7083860453512734,0.0013918037665087,1,185.10240876510264,13.05,9.23,6818.0,-3486.0,2473.0,65759.0
2007-06-30,13.41415369613325,0.7318340596523144,0.9181160507530012,0.0229319609475515,-0.0147336607480165,4,5,36.900684931506845,-0.7888823465795003,0.0014228444757118,1,198.28363501322715,16.23,8.6,7222.0,-2983.0,2424.0,68252.0
2007-07-31,15.55505570893846,1.8830959955547115,4.174872840553247,0.0327571236877417,-0.0111862036821255,3,5,57.31795241528479,0.143752145554421,0.00458434556202,1,96.54389437305528,23.52,6.9,7701.0,-2680.0,2424.0,68768.0
2007-08-31,28.382121564896284,0.0786824621943797,-0.3831423578537056,0.0391174270755423,-0.0358500035850003,4,2,59.56102427668775,2.287752529135023,-0.0012393960380602,1,98.41033624859092,23.38,7.39,7229.0,-1479.0,2424.0,71875.0
2007-09-30,13.09706398061206,-0.8151034194735911,0.5863980746378861,0.0075132707227441,-0.0248008417255373,2,4,18.196721311475383,-5.647052615077541,-0.0057154590600904,1,93.214867976874,18.0,7.12,8097.0,-2131.0,2764.0,71725.0
2007-10-31,17.025633192186262,1.143270957560732,1.157544221801758,0.0281772088770675,-0.016976556184317,2,4,52.04274041483343,-4.939932249257639,0.0020948940004136,1,182.31604194406825,18.53,7.7,8987.0,-3211.0,2764.0,70212.0
2007-11-30,16.618338633898478,0.2110508197760068,0.006163303166367,0.0217300109069553,-0.0208920577018735,3,3,51.78326474622767,-0.8861377152268868,0.0026364436938435,1,54.25083773731251,22.87,12.98,8871.0,-3338.0,2764.0,72413.0
2007-12-31,7.445549918343635,0.5319119529712236,1.224744390571776,0.0112054329371817,-0.0110056288330672,2,5,42.90843806104135,-1.566789578511074,-1.6308201708884872e-05,0,57.28576074263202,22.5,8.39,9368.0,-5251.0,2764.0,71263.0
2008-01-31,15.935949797859587,0.1623992863945747,-0.2788523330328738,0.0196475250864323,-0.0203632809318237,5,4,55.94405594405593,-0.2741423948768084,0.0005666905982429,1,138.7777579105826,26.2,8.17,9158.0,-4035.0,3123.0,71372.0
2008-02-29,13.384223969834864,0.849454058961698,0.0633455678310066,0.0202674640750892,-0.0128677977214982,5,6,39.71291866028708,-0.1562170149884023,-0.0025893803979562,1,145.8310615500045,26.54,9.1,1009.0,-3747.0,3123.0,74910.0
2008-03-31,24.0508843375255,0.3602963693351943,-0.7136862142993827,0.0355860267711392,-0.0187434639208431,3,2,59.61722488038279,5.755848850017475,0.0026767569100555,1,145.27977641329213,25.61,9.15,10233.0,-4141.0,3123.0,74754.0
2008-04-30,17.98930582647302,-0.103715160626274,-0.2465636509912223,0.0233881655882124,-0.02483768684886,3,6,47.5536480686695,1.9821251241310955,-0.0065638925141694,1,131.75634974709598,20.79,9.66,11112.0,-5014.0,3492.0,74660.0
2008-05-31,11.813231243035432,0.1511477470989243,-0.7401122813793877,0.013374979977575,-0.0157499200511671,3,5,28.954937679769717,-4.106749741699045,-0.0019367542709995,1,280.7627142957459,17.83,10.74,12785.0,-4561.0,3492.0,74052.0
2008-06-30,11.14560530834837,-0.0344033481740578,-1.349043083268964,0.0117666419814037,-0.0114877892030847,3,4,41.62537165510414,-1.8706505777947968,-0.0004696288657979,1,149.6263034061252,23.95,10.61,1384.0,-5259.0,3492.0,75007.0
2008-07-31,9.974322950009592,-0.1406995340967217,-0.9286248531583152,0.0092756896273593,-0.011782276800531,3,4,30.32786885245916,-2.884438189328864,-0.0004320560702058,0,140.16037791704036,22.94,12.06,1241.0,-3684.0,3477.0,75105.0
2008-08-31,11.396565190227747,-1.5935592485285084,4.666879966255576,0.0133001544534065,-0.0243492863140218,5,3,57.93269230769231,-1.1359170923719408,0.0025874074842793,1,135.77791560385407,20.65,11.77,11349.0,-2655.0,3477.0,75934.0
2008-09-30,18.03621099856442,-0.1618981794814869,-0.966947963258785,0.0195110103626943,-0.0185141785797985,5,5,55.24752475247527,2.636109996052149,-0.0030714842340801,1,146.555216053935,39.39,11.13,9352.0,-657.0,3477.0,76562.0
2008-10-31,62.54664786203287,-1.26967348723963,2.9534966431816088,0.0729683825450746,-0.1125014756227127,4,2,59.29492157167263,13.47787498415114,0.0087714809492115,1,162.74664941528002,59.89,11.99,60.0,-2280.0,3272.0,72005.0
2008-11-30,34.70927572771655,0.214017879633555,-0.5079356096801506,0.0437237394957983,-0.038530252501191,3,3,53.6890477406178,6.211886332823791,-0.0148828055942962,1,322.07021625187576,55.28,10.76,4772.0,-354.0,3272.0,71205.0
2008-12-31,12.10330536131731,-0.1662199494784172,0.1929538114970279,0.0149691063125039,-0.0161948565135713,2,4,23.48178137651827,-3.387171016659918,-0.0058839785000478,1,321.8622683646105,40.0,10.06,3582.0,-3039.0,3272.0,70075.0
2009-01-31,19.182395933020857,0.1378922930338589,-1.1140524513725671,0.0227766440655652,-0.0173971025034854,4,4,62.43733127651373,2.133798115210217,0.000305176026538,1,227.02327342927703,44.84,9.5,4417.0,-330.0,3229.0,67962.0
2009-02-28,13.912279780210302,-0.0715582274335533,-1.3744632745614576,0.0147667593450726,-0.012187976092816,3,2,65.87048832271768,5.079048752847171,0.001146136710373,1,219.76024476140717,46.35,7.73,4441.0,-150.0,3229.0,67547.0
2009-03-31,21.773688662725256,-0.3577035574376723,0.0956275944980875,0.027531900218416,-0.0303289436178096,4,2,33.00304878048776,0.9030768864669136,-0.0077203374621119,1,231.6904963079417,44.14,7.89,4613.0,-1080.0,3229.0,66539.0
2009-04-30,21.93153349400551,0.250305589229972,-1.0130650516171944,0.0250271340100873,-0.0209050812639719,5,5,49.36431389741343,-3.777995535826728,0.0050866400192307,1,106.5231100326882,36.5,6.13,503.0,-1384.0,3425.0,62414.0
2009-05-31,14.572602651301631,-0.3372694118857085,-0.5106597785846869,0.0165432893466366,-0.0182329985285649,4,3,58.7155963302753,-2.2268948911092323,0.0036217944978241,1,97.64283986868232,28.92,5.24,6498.0,-1361.0,3425.0,67378.0
2009-06-30,11.85621769919571,-0.210061601471167,-0.512003453225645,0.0113599480688089,-0.0177729647088801,2,4,43.251775848460944,-1.8155345385808876,0.0007097206074133,1,104.4369915527809,26.35,5.73,6811.0,-1911.0,3425.0,64889.0
2009-07-31,8.878724691257522,0.4924745307895487,-0.2658416847289859,0.009779286926995,-0.0108702769956126,2,11,16.825095057034233,-3.36909217342386,-0.0040944379045998,0,211.01311925585145,25.92,5.39,7008.0,-165.0,3500.0,66970.0
2009-08-31,13.35092708595639,-0.0481305349454725,0.2681423015889654,0.0178173719376391,-0.0196442792673213,3,4,57.9493835171967,-0.8799781792952266,0.0031382993108693,1,101.05680312168646,26.01,5.33,6902.0,-168.0,3500.0,69823.0
2009-09-30,8.47891668719954,-0.0409920873356651,-0.9619626142952452,0.0101349083831128,-0.0086542331946866,5,4,49.58333333333338,-0.0311500546468668,0.0001293041266438,0,209.02034794287343,25.61,5.27,6582.0,-649.0,3500.0,70353.0
2009-10-31,10.198849937800414,-0.1186082817755657,-0.6753889951444343,0.0104614105584037,-0.0133171912832928,2,3,65.60170394036213,0.4234316845568964,0.0043791586702375,1,108.30763270787622,30.69,5.08,7491.0,684.0,3727.0,71540.0
2009-11-30,7.442286229555613,0.0111706458796797,-1.199883032235858,0.0072316842389834,-0.0078161224084255,3,6,48.64498644986449,0.7137921849288187,0.0012308388965942,0,106.59889423382624,24.51,5.53,7777.0,-1673.0,3727.0,71510.0
2009-12-31,7.786269172844576,0.3424361299427899,0.1204765822022686,0.0128213734308919,-0.0076020709089718,5,3,59.90566037735844,1.3091851875659533,-0.0009270723247489,0,108.6343738717501,21.68,6.53,7791.0,-3171.0,3727.0,69631.0
2010-01-31,9.45142835266068,-0.2101273295097592,-0.4346508864062715,0.0100416695129448,-0.0122273628552543,6,4,62.18390804597686,0.0804828973843152,0.0045034363696261,0,180.426649631436,24.62,8.19,712.0,-2912.0,4121.0,70778.0
2010-02-28,9.713756851877314,0.7146593098266374,-0.460049227245308,0.0156928213689482,-0.0063711001642036,3,3,64.07249466950972,3.300350743209779,0.0031951952229575,0,172.3394143953074,19.5,10.13,7636.0,-2019.0,4121.0,67721.0
2010-03-31,6.865401575299003,0.1067485997653076,0.0656540387845869,0.0088131609870738,-0.009704341075241,3,6,43.296089385474815,0.6141623252348793,-0.0015274907858377,0,166.25561031528835,17.59,9.56,8037.0,-4073.0,4121.0,68277.0
2010-04-30,10.33590495963736,1.0965073769222915,1.3768446690741616,0.0157873431385777,-0.0120217853347502,2,6,43.03079416531608,-2.009739079108941,0.0013062153607089,1,167.1432014295424,22.05,10.19,8619.0,-4127.0,4153.0,72951.0
2010-05-31,20.918216941551663,-0.3531604681351478,0.5681925718856933,0.028506345590628,-0.0311264191861208,5,3,48.09421841541753,2.4757467273365474,0.0025581489838992,1,172.1202779823704,32.07,9.1,73.0,-2656.0,4153.0,71861.0
2010-06-30,10.171097304980949,0.0375079675632307,-1.3950545154843357,0.0104114083796063,-0.010209194538394,4,4,42.3785594639866,2.1388282469406272,-0.0013698318358751,1,267.3201968506354,34.54,8.37,7494.0,-3083.0,4153.0,70616.0
2010-07-31,5.693190358289339,0.2495582289133469,-0.3094852854370145,0.0050234864300626,-0.0092449922958398,1,4,22.451790633608965,-3.3376507689472312,-0.0032698468524385,0,161.01890955427783,23.5,7.58,775.0,-3214.0,4637.0,74215.0
2010-08-31,8.896106444813453,0.0481542500703925,-0.9547578283308584,0.0094842916419679,-0.009453295432009,4,3,66.83168316831681,-0.6676522050006795,0.0041862471838444,0,162.34582671029753,26.05,8.33,7551.0,-2648.0,4637.0,76001.0
2010-09-30,7.127835485206474,-0.0849655577142932,-0.5001849087811818,0.0065298507462687,-0.0107191316146539,2,4,15.251989389920482,-3.186442118345967,-0.0031285055733278,0,331.1603115030566,23.7,9.24,8077.0,-3474.0,4637.0,75795.0
2010-10-31,13.432433464796173,-0.1979276637704714,-0.702256682440324,0.0133039271485486,-0.018500621289521,2,3,56.23359580052499,-2.348793528517945,0.0041032462819877,1,106.03248392052603,21.2,8.62,8247.0,-3051.0,4886.0,79072.0
2010-11-30,11.333848234329674,0.0276544134458549,-0.9600275905739536,0.0139439507860559,-0.0096542911904593,3,4,83.5974643423137,3.43399477531936,0.0100907486806098,1,176.21809823060272,23.54,7.29,8602.0,-5875.0,4886.0,79410.0
2010-12-31,10.18697925794196,0.6037109876973136,-0.2493553665883165,0.0172199305964775,-0.0068405574734687,5,3,75.36372453928232,5.496836792624515,0.0005137507378273,1,180.4386367560793,17.75,6.4,9323.0,-7493.0,5264.0,80696.0
2011-01-31,11.765255325010228,0.3792505403391626,-1.1758838186394935,0.0139015200727554,-0.010516129032258,3,6,52.00291332847781,3.8365141111662338,0.000480582955444,1,169.4211265468268,19.53,4.9,9897.0,-5871.0,5264.0,82335.0
2011-02-28,12.192958941514991,-0.0693196105244702,-0.9529992657974148,0.0122652841878989,-0.0146213446638341,3,2,59.36395759717318,1.700566855618546,-0.0003140298669406,1,120.9452885668771,18.35,4.16,11227.0,-5903.0,5264.0,82577.0
2011-03-31,5.976461094203505,0.3513796617089642,-0.8193806251903086,0.0070374291586223,-0.007569177317285,3,6,29.72181551976594,-1.795802430172011,-0.003294214147083,0,169.5464201352989,17.74,3.99,11694.0,-9407.0,5264.0,86205.0
2011-04-30,8.1227776631702,0.0243614107906983,-1.1058540156874244,0.0070219188869931,-0.009644835451287,3,7,57.87671232876716,-2.710255551578,0.002157295656639,0,327.0150727848725,14.75,4.26,12659.0,-7485.0,5357.0,90221.0
2011-05-31,9.586174623054278,0.5781387091430744,-0.4732359405489945,0.01682266632937,-0.005518625360592,3,3,72.30428360413579,3.3614410712003773,0.002660529520178,0,168.72811679974768,15.45,7.17,11718.0,-7637.0,5357.0,91396.0
2011-06-30,8.6614759517947,0.6150025892283183,-0.6264864877571434,0.0123464527450489,-0.0067479725128458,4,3,74.22334172963886,3.833491165817926,0.0036963272453882,0,167.4269420337705,16.52,6.24,11171.0,-7559.0,5357.0,92745.0
2011-07-31,14.208685039380024,0.8916706739237565,1.2044522460967355,0.0265090453161382,-0.013157894736842,4,3,66.46884272997026,3.3574703993516364,0.0026297856604438,1,172.13868220228247,25.25,6.31,11593.0,-5089.0,5624.0,93014.0
2011-08-31,12.873255110134595,0.0839386407134133,-0.8066933270930572,0.0151185431222082,-0.0131445334536838,6,4,52.243211334120446,3.7010231739679655,-0.0048168718536883,1,183.41386583925728,31.62,6.65,11648.0,-3682.0,5624.0,88788.0
2011-09-30,9.877887542971427,0.0968289533289673,-0.4268778410359952,0.0162411702541853,-0.0087015481975364,4,2,80.4179566563468,5.380174523481784,0.0048131056201229,0,184.27373276647316,42.96,6.15,10542.0,-6058.0,6064.0,87537.0
2011-10-31,14.881159333819664,0.0194443314983135,-0.5651871064748764,0.0162396827098294,-0.020095481292328,4,5,30.178759200841256,-2.7237354085603127,-0.0136549997720491,1,312.52867607640445,29.96,7.66,10843.0,-4085.0,7195.0,84433.0
2011-11-30,15.93895735172482,0.3892535053579152,-0.578128652181852,0.023144453312051,-0.0135089496791624,6,3,77.46710526315773,1.5457668437286909,0.0082593118059192,1,120.2736527212432,27.8,9.48,11122.0,-5179.0,9362.0,86166.0
2011-12-31,8.375154713752693,-0.6873806144483812,-0.1673962208632975,0.0091743119266056,-0.0102718078381796,6,3,79.9292661361627,4.251583881791987,0.0020857172996221,0,381.1046041906813,23.4,10.45,10809.0,-6448.0,9888.0,78330.0
2012-01-31,8.021700604134576,-0.4474953702025205,0.0218284285547301,0.0062536747020149,-0.0155573815393043,2,6,13.126709206927828,-3.647562641192237,-0.0073242788943219,0,121.1442855049674,19.44,10.61,11026.0,-5712.0,10095.0,76327.0
2012-02-29,9.713973535767948,-0.0268770834542706,-1.345074435018186,0.0089757427711185,-0.0100530578050823,5,4,53.83502170767001,-3.3169085624161543,0.0041739476156499,0,122.07700106074276,18.43,10.43,12223.0,-4183.0,11090.0,77725.0
2012-03-31,7.519056342096027,-0.0320950533331985,-1.3375725746569316,0.0078559003422928,-0.0069949636261891,5,7,48.94795127353267,0.0519312349517298,-0.0019609287242838,0,117.40519533129444,15.5,10.43,12341.0,-6212.0,11198.0,80149.0
2012-04-30,5.98313193316941,0.0265333655445635,-0.5661576978905947,0.0069182743686371,-0.0077163945426079,3,4,32.02846975088964,-1.1795637991914854,-0.0039241150094987,0,174.53546027484555,17.15,11.14,11866.0,-4384.0,12783.0,80206.0
2012-05-31,8.335118769077908,1.152544487420888,0.0300140511725022,0.0139455782312925,-0.0038963147356458,2,2,76.82801235839338,2.336236986135209,0.0024775392788917,0,184.46146639650837,24.06,8.28,10386.0,-5036.0,13050.0,78595.0
2012-06-30,9.481781828105332,0.1508438106315839,-1.135697886761759,0.0100578597307088,-0.0101868497031105,3,6,45.13422818791945,0.7710997258778551,-0.0010106440836092,0,191.1218132947658,17.08,8.87,9417.0,-3601.0,12438.0,83050.0
2012-07-31,5.626493633090641,0.437897264254804,-0.7458775210012143,0.0074221779107124,-0.0051668224042212,4,4,43.33800841514735,-0.660979382405269,0.0006150771456766,0,120.3580404909035,18.93,9.07,10593.0,-2609.0,14712.0,84324.0
2012-08-31,5.9821863364978665,-0.2901775973450785,0.0518255692121725,0.0079382702342623,-0.0081776991932811,4,2,77.08333333333317,0.5742987993344162,0.002646095838623,0,171.9821387526716,17.47,8.88,11393.0,356.0,15706.0,92996.0
2012-09-30,5.832066955184147,-0.3050683720465865,-0.7522477885448797,0.0050212006248604,-0.0082882086418389,2,3,39.87500000000007,-0.6545724085357363,-0.001369284399926,0,125.53739853261808,15.73,9.19,11136.0,-1088.0,17289.0,94800.0
2012-10-31,4.881850754283985,0.6257137212479141,0.1641133284470726,0.0071942446043167,-0.004485049833887,3,5,53.41130604288484,-0.076548441850921,-0.0007032765738326,0,164.5030877017068,18.6,7.8,10989.0,-841.0,18015.0,96678.0
2012-11-30,4.246341043511523,0.0598866650476044,0.6306777664986933,0.0047860203684122,-0.0067643112701252,4,6,48.501362397820046,-0.5335136927023476,-0.0005788400665792,0,162.2882517199835,15.87,6.37,11084.0,-3855.0,18200.0,100166.0
2012-12-31,3.318405874035853,0.7826123954506938,1.3223334445819592,0.0059387080508712,-0.0035840286722294,3,4,49.76851851851829,-0.0508896765380906,0.00124532928313,0,154.76178973159497,18.02,6.16,1108.0,-4631.0,19970.0,100320.0
2013-01-31,4.04147500727891,-0.1878864072357473,-0.5180678870516386,0.0039854055571146,-0.0062694154193729,4,6,41.83673469387754,-0.8262514982963043,0.0006733023307555,0,165.24435254377005,14.28,7.31,11555.0,-5408.0,19793.0,103550.0
2013-02-28,5.078737661420847,0.1463058630097213,0.1897034381680167,0.0084869604316546,-0.0049339306981229,6,3,80.3680981595095,1.7625255925829642,0.0048494680242822,0,157.9740284379203,15.51,7.03,1122.0,-4663.0,20168.0,104437.0
2013-03-31,4.2227480522968674,-0.2809922925506368,-0.8394278171928051,0.0044491407596907,-0.005198539984515,3,2,68.42105263157875,1.5756808701184122,-0.0005288932422131,0,319.7922723045415,12.7,7.29,10846.0,-4635.0,21037.0,105650.0
2013-04-30,4.033963535712145,-0.7625841680907239,0.0416326656321772,0.003125,-0.0069848661233994,5,3,58.33333333333341,-0.2377431375659822,0.0005936362213592,0,154.73436385292766,13.52,6.13,10153.0,-6507.0,21974.0,113269.0
2013-05-31,5.389157306260244,-0.0010805944968087,-0.7345466562409757,0.0084233261339092,-0.0039982710179382,8,2,84.91561181434601,3.0563554818594296,0.0038256181968316,0,166.67528147842546,16.3,6.51,10043.0,-5864.0,20075.0,108773.0
2013-06-30,10.731154193065198,0.4113811532540548,0.4695945133832304,0.0188378880339612,-0.009748643094272,6,3,63.6484687083889,4.315707116334777,0.0032975506649354,1,158.10768470400208,16.86,8.3,10249.0,-3425.0,16999.0,105566.0
2013-07-31,8.17273504538769,0.9724729492554258,0.9478353977208108,0.0136103896103896,-0.0083639330885353,2,4,40.93023255813951,1.006501808852689,-0.0033746470867068,0,164.3382968884789,13.45,8.88,10789.0,-4273.0,17865.0,104303.0
2013-08-31,9.726795951147546,0.3621199911420262,0.1275024052097451,0.0163853518902381,-0.0088259441707717,9,1,91.32420091324197,6.096231559121068,0.011071114446857,0,312.8442030708306,17.01,8.17,11597.0,-59.0,22045.0,108615.0
2013-09-30,15.869380927660142,-0.794501384878702,-0.138099025042071,0.0126256374709115,-0.0250261727902687,6,4,49.02867715078632,3.058164292252674,-0.0018102691322174,1,162.6053876227656,16.6,7.88,10785.0,-1023.0,22176.0,108884.0
2013-10-31,7.133741178927679,-1.2082744447167142,1.0976264075631352,0.0046474035158616,-0.0129399078521714,2,7,40.03906249999999,-0.4433402026412514,-0.0003782507379591,0,157.95827832579934,13.75,7.71,10753.0,-2628.0,21537.0,112731.0
2013-11-30,7.530821798308238,-0.5002513837353891,-0.2579316042325299,0.0084796788760661,-0.0097024899757436,6,5,45.743766122098215,0.5702782296684195,-0.0028197292818075,0,160.0275628790453,13.7,7.32,11107.0,-3183.0,20335.0,114282.0
2013-12-31,13.58980524857486,1.572700938079672,3.669943311855703,0.0308659617033437,-0.0120598835597449,5,3,75.73879885605352,5.039704920030119,0.0092204168607691,1,163.17051628164467,13.72,7.4,10995.0,-7661.0,20872.0,112002.0
2014-01-31,19.869618438309622,-0.9326175391141156,1.6503823178276456,0.0252761066714555,-0.0328504473796336,10,2,64.76787240102531,7.413037629603991,-0.0004991871850798,1,117.2540751540032,18.41,7.75,10816.0,-4459.0,19615.0,104627.0
2014-02-28,10.145956715651746,0.6966141650200103,-0.5635189641996683,0.0118444846292946,-0.0100058329968142,3,6,54.80822679266261,1.7330341916082626,-0.0007528941697488,1,107.00789181685596,14.0,7.89,10898.0,-2631.0,21242.0,106453.0
2014-03-31,9.748875353032266,0.364454320893414,-0.5078987402256363,0.0112267250821469,-0.0095612545795727,3,4,42.350486787204346,-1.5916335394086545,-0.0040983537758214,0,105.68692085854924,13.88,8.39,10595.0,-3172.0,20631.0,105897.0
2014-04-30,9.126176896422672,-0.695397178856093,0.2634448694388203,0.0087489895868004,-0.0155893882760506,3,3,64.18439716312058,-2.7110502603022724,0.0032574810703858,0,100.89312898705722,13.41,9.38,10863.0,-4010.0,20658.0,108989.0
2014-05-31,7.13510587554182,0.3890854131134282,0.130801732679231,0.0101888787427306,-0.0083969465648856,4,6,58.84732052578362,-1.7507575303012168,0.0038191403366243,0,116.23954207420924,11.4,9.66,10921.0,-2382.0,20251.0,110337.0
2014-06-30,8.37090029182078,-0.2405791202960259,-1.0206416578618347,0.0086919350242233,-0.0090883271797784,5,3,67.35474006116206,0.7016736587864614,0.001317742807937,0,114.1588715049526,11.57,9.16,11103.0,-3181.0,20651.0,111901.0
2014-07-31,5.2031710603547605,-2.1467242321768505,5.665173914478968,0.0037678975131876,-0.0122071923457605,2,5,18.412698412698447,-1.0194673679755684,-0.0044412188602665,0,113.85033269808444,16.95,9.32,10494.0,-613.0,21488.0,111738.0
2014-08-31,10.81659064691363,1.2013045655751324,1.4467937245615443,0.0198033975949609,-0.0089310376576743,4,2,46.5292841648589,1.1175312718267882,-0.001003135375498,1,235.91364200377132,11.98,9.54,10112.0,331.0,21151.0,112929.0
2014-09-30,7.521552041871137,0.4331660619848883,-0.7549744331616601,0.0126465429705528,-0.0044873538210498,4,2,81.3380281690141,4.959340323879791,0.0054171236768761,0,122.41257331723044,16.31,8.86,9467.0,-200.0,21651.0,112773.0
2014-10-31,8.429028338168761,-0.2396355548542943,0.3102922610739766,0.0095516052003183,-0.0133938309846864,1,3,32.644272179155976,-0.1266234875777705,-0.0077758753894257,0,120.31406905651292,14.03,8.96,8417.0,-1381.0,19577.0,112710.0
2014-11-30,9.556728802746711,0.638067402413003,0.1062810656730999,0.0143131047398223,-0.0105064181466502,3,5,27.550200803212874,-1.2838570700226648,-0.0024884615703232,0,225.68421826655333,13.33,9.15,7189.0,-4678.0,20281.0,113159.0
2014-12-31,12.88337559557807,0.4612002162952506,1.3653436300601571,0.0210109360199775,-0.0178933153274815,3,5,66.53476540418313,2.6603299802634206,-0.0006135524801099,1,132.58599874218936,19.2,8.17,5527.0,-5734.0,20134.0,106314.0
2015-01-31,11.260381807886178,0.6260082368518616,-0.7495373411669508,0.0166075050709939,-0.0076833927115079,2,7,74.18582375478915,4.5389284423061005,0.0061798675544218,1,141.07929968541532,20.97,7.24,4752.0,-1540.0,20888.0,109639.0
2015-02-28,12.235119273261876,0.8317301666791563,0.2359187908461941,0.0211186746493889,-0.0083433614119534,2,4,60.43131739334271,4.251772796547182,-0.00361068467522,1,137.04769253909225,13.34,7.55,6189.0,-2824.0,19843.0,108641.0
2015-03-31,12.225114786374457,-0.0510565343321129,-0.6019998807600664,0.0159890001964249,-0.0115100236298498,8,2,45.96658711217183,4.589055286728949,-0.0061889065280532,1,298.38227760643304,15.29,7.61,5369.0,-4190.0,19948.0,103474.0
2015-04-30,11.589225968433109,-0.4602255679251157,0.1739558332061754,0.0126633986928104,-0.0172938116000438,8,4,65.40930979133228,2.710681572259954,-0.001523402514777,1,145.7713615585619,14.55,7.91,639.0,-3162.0,19267.0,102801.0
2015-05-31,14.504254185073984,0.2373235205148776,-0.2393622116278022,0.0207088360205962,-0.0142593777042026,5,5,41.80098107918717,0.65693408544234,-0.0016625908703361,1,138.38027266780125,13.84,8.09,6316.0,-3299.0,19322.0,101329.0
2015-06-30,16.895664943003393,2.20409122272319,6.4393759429280735,0.0397241792834657,-0.0131651527966756,5,2,34.19023136246777,0.2732727070840157,-0.0079463047998459,1,139.38615451447532,18.23,7.2,6031.0,-2330.0,19138.0,100771.0
2015-07-31,8.67843076156402,0.3868176018009641,-0.3638290102971511,0.0144571017673995,-0.0072545481882424,6,4,77.57475083056474,3.2224569284383664,0.0118067879821435,0,95.98242730588632,12.12,6.81,5329.0,-1688.0,18107.0,102532.0
2015-08-31,14.277699604338528,0.1638881611102827,0.4671641992635567,0.0230205429957675,-0.017524386141944,7,2,67.70118099423243,5.765963781885741,0.0033944014019331,1,135.41441213518786,28.43,7.14,4797.0,2500.0,18127.0,102287.0
2015-09-30,11.339819386182096,0.3985598809631539,-0.561418886881941,0.0171650797908005,-0.0103643937157663,4,2,53.44506517690879,5.38993029773831,-0.0058773364504266,1,126.754883751248,24.5,7.95,4729.0,1548.0,18332.0,99599.0
2015-10-31,12.259210858401913,-0.6723957197598603,-0.1638438882660429,0.0094095750180953,-0.0195798975194271,2,5,41.18895966029733,-2.131009095284808,-0.0037945866460829,1,91.00573690169934,15.07,7.58,48.0,238.0,18439.0,100121.0
2015-11-30,17.303503821994724,-2.054853563307826,5.728711109731464,0.0162635529608006,-0.0382508047394013,5,4,50.1019367991845,0.024075816936242,0.0075487055867416,1,202.54153353346828,16.13,8.1,4373.0,-1575.0,18765.0,99707.0
2015-12-31,8.112223144017271,0.4676083910350364,0.3868430423751108,0.012280882302494,-0.0107802182994205,3,4,49.31750741839763,0.446990487054788,-0.00381995349598,0,141.30065433485927,18.21,8.81,3661.0,-5032.0,17548.0,95703.0
2016-01-31,10.753509588284723,-0.1715531342427155,-1.2379411021745903,0.0111280746395252,-0.0096290658813408,5,3,47.9742173112339,1.0949639517622511,-0.0072663025502779,1,50.73309132991083,20.2,9.58,3314.0,-1822.0,18478.0,92856.0
2016-02-29,8.679821862263667,-0.5415274720964509,0.3633041680399045,0.0083837273227047,-0.0147302834309708,3,3,49.89561586638825,-1.1307049048873807,-0.0007740448818773,0,50.80582290608232,20.55,8.78,3592.0,-1549.0,17145.0,93693.0
2016-03-31,9.84673005555519,-0.6167426015812999,1.135602472034147,0.0109047537911057,-0.0181212890826096,3,4,35.19125683060105,-3.1782502568496684,-0.0010973681063897,0,51.886537973917726,13.95,7.46,3675.0,-3242.0,19025.0,95016.0
2016-04-30,6.76080902133736,0.0924725415507818,-0.7822536574195551,0.0075209208714381,-0.0080712788259957,4,5,36.53846153846146,-2.043878784510411,0.0003713337215199,0,49.9036025222426,15.7,6.57,4564.0,-2266.0,19833.0,96193.0
2016-05-31,11.966378039888584,0.7891389242792866,1.387894389535811,0.0213672229592905,-0.0132552301255228,3,3,59.71896955503511,2.691770717812481,-0.0027545081137651,1,51.342142678732806,14.19,6.58,4926.0,-2503.0,19101.0,98397.0
2016-06-30,10.00428046734837,0.3813763378636607,1.0234888482054405,0.0161866139821842,-0.0129764526511942,4,3,49.88157271435335,-0.5106260884009783,-0.0018084551462358,1,54.6910918260953,15.63,7.64,4805.0,-4389.0,18474.0,101895.0
2016-07-31,14.522067917673288,0.8651094429002628,-0.3893677304867853,0.0226061067645226,-0.008391014757738,4,2,65.4881608822575,2.581422582780335,0.0105020422096637,1,76.61789695300607,11.87,8.79,4076.0,-1309.0,19790.0,99927.0
2016-08-31,8.020960461055518,-0.1279469607615697,-0.9943205055069226,0.0071115043043314,-0.0109343936381709,3,4,42.83987915407858,0.1326847725108937,-0.0021009485793496,0,53.18466114002368,13.42,8.05,4794.0,505.0,19587.0,102781.0
2016-09-30,7.845963388220581,0.3757779562839126,0.5797373431878605,0.0126325058421106,-0.0090964017185821,5,3,65.73681018799283,0.8364455900475853,0.0042599502981714,0,73.33410914364548,13.29,7.28,4824.0,29.0,18837.0,99009.0
2016-10-31,6.025376210363394,0.4151734282481742,-0.6794170182513364,0.0085742771684946,-0.0046152853085463,4,3,67.0230263157895,3.297716566287301,-0.0015921813705379,0,77.63886465352986,17.06,7.16,462.0,-262.0,18117.0,101626.0
2016-11-30,10.707757077317334,0.7283660596176187,0.6144587998791304,0.0220721264021228,-0.0064993471637893,9,2,84.00697877289906,8.841233675879877,0.0088277311408806,1,64.8062659846769,13.33,7.0,4795.0,-1257.0,16227.0,99034.0
2016-12-31,17.889377884740153,-0.0816903015227219,0.2060186594366557,0.0253780017788318,-0.0226361438930755,3,3,66.9217687074831,5.654179793063263,-0.0069320061711666,1,63.60063087237513,14.04,8.53,5496.0,-4102.0,14051.0,92050.0
2017-01-31,16.752568662909002,0.1936146179960152,-0.5525089352342496,0.0245310643940439,-0.0130216504549732,8,3,57.33610822060355,6.842625512882461,-0.0029145757957992,1,101.44438459030836,11.99,9.22,5525.0,-2346.0,15315.0,92517.0
2017-02-28,12.066384299064968,-0.006040269827245,-1.1196081512936933,0.0085033098326245,-0.0170183253754434,2,6,29.4455713319809,-2.3540852860162054,-0.0161574238135297,1,101.56377959820362,12.92,10.13,5336.0,-1872.0,16011.0,91088.0
2017-03-31,12.857405269842664,-0.4731647700605764,-0.0696401084847555,0.0138545274616526,-0.017862969004894,4,3,31.939799331103718,-1.36474479629487,-0.0033517071948737,1,101.35155164007288,12.37,11.29,522.0,-2774.0,17101.0,88577.0
2017-04-30,9.859076359721085,-0.0213772310080289,-0.7944635603503678,0.0092612889083734,-0.0128096113229283,6,3,20.86614173228348,-2.587909172045044,-0.0125782747324451,0,101.86815099219626,10.82,11.87,4946.0,-2972.0,17747.0,84986.0
2017-05-31,10.489031619522432,0.4243929055244837,1.0486613157138809,0.0163432647215746,-0.0142845301577653,2,3,44.06146179401995,-1.2682742312601247,0.0034148990824276,1,184.49711071927425,10.41,11.72,494.0,-4223.0,17960.0,86971.0
2017-06-30,7.48536614335207,0.3634142192629617,-0.9693929319970778,0.0073171426131024,-0.0086537653681351,2,5,47.27174500270124,-1.384352066985095,0.002021955341301,0,191.37837971741732,11.18,10.9,4708.0,-3283.0,18512.0,90196.0
2017-07-31,9.443556381536196,-0.1010645790511833,-0.6272564937413772,0.0121328759099657,-0.0102518633454324,6,6,31.20923231309588,-0.4494921110811845,-0.0037009863915954,0,97.17380937385944,10.26,9.79,5199.0,-3198.0,19295.0,87466.0
2017-08-31,4.9019770065627695,-0.7897797271745766,0.8127298744412466,0.0034626628444924,-0.0096429801400527,2,4,12.519201228878783,-2.59637511132812,-0.0081529351773255,0,196.0366108199782,10.59,10.68,5269.0,1417.0,19898.0,90412.0
2017-09-30,9.346307745500056,-0.0216231831029141,-1.4119818229348309,0.0105497427596972,-0.0064859329217988,4,3,77.31009536336738,2.058685455382392,0.0170544021901511,0,191.3161580027541,9.51,11.2,5702.0,-2970.0,20440.0,91503.0
2017-10-31,13.166804531983956,0.7554957992550589,0.9900093650311232,0.0254805295518749,-0.012420573699762,5,3,64.70782436447679,5.989852274258034,0.0092803346431716,1,89.16207080039494,10.18,11.9,6135.0,-2576.0,21420.0,95480.0
2017-11-30,9.424738850600695,0.2053133438189794,0.6336843389077473,0.0167942067690411,-0.0106895247699482,4,2,70.01647446457997,5.575640133682192,-0.0039341782224763,0,100.47820853817792,11.28,12.98,6353.0,-3273.0,22595.0,96350.0
2017-12-31,6.746834908132731,-0.8034091963888184,2.655643261814819,0.0069806209627005,-0.0144672830544305,2,7,35.663430420711904,-0.9216649666087816,-0.0068750715743792,0,103.20185010074114,11.04,11.92,6673.0,-7075.0,23541.0,84110.0
2018-01-31,9.823117463104568,0.7088900507902739,0.1139190550368631,0.0148163883062053,-0.0101118591674743,3,6,49.12842404838142,-1.2458314489108724,0.0008063300284068,0,70.5274297583165,13.54,10.35,6778.0,-6790.0,25341.0,91391.0
2018-02-28,6.817986368085226,0.1998467025726497,-0.5213069142711673,0.0095283468318247,-0.0067348070675857,4,2,53.28185328185324,0.0360542598134339,0.0011098254992495,0,65.34546558381314,19.85,10.26,6608.0,-4216.0,25240.0,88654.0
2018-03-31,7.112508522051256,0.6615373916075815,0.1956537809516154,0.0133309497663252,-0.004828830660533,5,3,87.75337837837841,4.523001014908146,0.0103238079301019,0,68.80344960227318,19.97,10.23,6902.0,-4416.0,25345.0,84701.0
2018-04-30,13.016932848530688,-0.1732328494246219,0.2924438285626665,0.0183423246689553,-0.0168867878551584,8,3,50.117924528302005,3.058927433906833,-0.0101837818900629,1,68.21119128691905,15.93,10.85,7592.0,-4907.0,25189.0,87573.0
2018-05-31,29.64146073508539,0.5347607222297235,1.795621730812047,0.0586093365021913,-0.0296389363761818,6,3,60.482858522452894,6.815867367008144,-0.0032096030952724,1,75.00841681085511,15.43,12.15,7645.0,-5351.0,24470.0,83762.0
2018-06-30,17.138746776619065,0.5611357578684373,-0.2936609794089344,0.0248613246006816,-0.0144607947076036,3,2,55.70469798657716,3.6919043678805386,-0.0178994658763382,1,145.99812557537518,16.09,15.39,7744.0,-2715.0,22835.0,75565.0
2018-07-31,19.630402469079016,0.8777752500012758,1.2052072778225194,0.0385369615511732,-0.015232061101829,4,3,68.22958771220704,4.336828568053885,0.0030812582104255,1,142.00747045532393,12.83,15.85,7416.0,-763.0,22281.0,78329.0
2018-08-31,81.3863534440097,1.043507277134259,1.8640107649643716,0.1584308188785799,-0.0626991750911059,10,3,69.02338612842358,25.86799256457455,0.0397932502849101,1,146.66161976097214,12.86,17.9,7694.0,4133.0,18435.0,70413.0
2018-09-30,26.028183333781666,-0.2681297987465692,1.3045300127288622,0.0321221695629279,-0.0457436283977952,4,5,30.12594458438285,5.343579099246787,-0.0805377529425411,1,152.446817340929,12.12,24.52,8272.0,4042.0,17666.0,66989.0
2018-10-31,18.88931572131868,0.4817805834901159,-0.5711484725516072,0.0217737089533773,-0.0233628442945474,4,9,21.317941317941305,-9.65879668124352,-0.0256632152760024,1,150.63885261289204,21.23,25.24,7484.0,4219.0,18675.0,67605.0
2018-11-30,14.46539368275902,-0.0927990583984595,-0.3737664140373891,0.0133781115642241,-0.019568489713999,3,4,9.87872662961081,-9.13723750650185,-0.0005768410133927,1,144.74318753732177,18.07,21.62,5771.0,2590.0,19303.0,71699.0
2018-12-31,12.432876267818498,0.6980328014532006,0.3263264315311684,0.0191412018630012,-0.0133870061786183,3,3,46.806482364156444,-2.2909277245043103,0.0035024353776301,1,140.3064424620158,25.42,20.3,5057.0,-429.0,19950.0,71980.0
2019-01-31,15.996118085160155,0.7511654177536018,-0.4867154499090964,0.0238523178311991,-0.0127529300943788,3,5,32.04430625728723,-0.9291406151926472,-0.0123120821283595,1,223.9685063818133,16.57,20.35,6246.0,-124.0,19862.0,73470.0
2019-02-28,7.630111321285347,-0.6401039996867282,0.7999485754363822,0.0083582430554232,-0.0127278916710795,5,3,61.5598885793871,-0.428907179075777,0.0078443111486617,0,118.91244881663236,14.7,19.67,6503.0,6.0,20548.0,79122.0
2019-03-31,22.635589597422488,0.0662924108505257,1.9720933662866988,0.0396981442990094,-0.0298125136254633,3,2,55.27229204069419,3.676933838195806,-0.0012143960560118,1,122.2581410714786,13.71,19.71,6793.0,-187.0,20834.0,75407.0
2019-04-30,11.068252554292306,-0.0027082623296717,-0.9353293860387488,0.0155431082614412,-0.0080177943306435,5,2,82.00734394124862,6.950552320032277,0.0110752413250222,1,231.48143662176395,13.12,19.5,7219.0,-280.0,20431.0,73284.0
2019-05-31,14.047545299158651,0.7559563777078127,1.7775180558336985,0.0260400179931026,-0.0152503277409933,7,5,29.883351007422974,1.434045136799722,-0.028821287169713,1,237.65935994604385,18.71,18.71,6678.0,1414.0,20516.0,75038.0
2019-06-30,12.465507553633646,-0.4872485903800371,0.3103279202365492,0.0105549169192182,-0.0206400109170306,3,3,43.3391170233276,-2.599789313813161,-0.0090596182519631,1,114.71152372384093,15.08,15.72,6752.0,300.0,22853.0,73544.0
2019-07-31,12.394154774514345,0.972764803791834,1.7417223678713727,0.0217794253938832,-0.0131647413882818,3,5,33.55798280269576,-3.952390950425577,-0.001147384416656,1,219.8484302825276,16.12,16.65,6407.0,3387.0,23416.0,74970.0
2019-08-31,13.536851136272118,0.8365784478794333,0.1033535592371341,0.0228008948545861,-0.0086722809532341,7,5,73.28113063407183,2.077354457455116,0.0356220359925172,1,109.7343964561041,18.98,15.01,6104.0,5096.0,25708.0,75796.0
2019-09-30,10.360841656773772,-0.9381973315424492,0.4789570607798481,0.0081209153205208,-0.018537091475013,5,3,41.9396440546815,-0.2085845295406674,-0.008510356569043,1,115.77591843532169,16.24,9.26,6099.0,4238.0,26051.0,75655.0
2019-10-31,12.261444569165407,-0.4484531486977892,0.2477039993331899,0.0142568673188734,-0.0189774579033135,5,2,40.42686754551162,-0.2639449283974637,-0.0146805664874084,1,233.30726763135928,13.22,8.55,593.0,3401.0,26481.0,78504.0
2019-11-30,5.539660170762408,0.2811877422361522,-0.3548140692779333,0.0079390171075279,-0.0062313452374719,5,8,54.23728813559335,0.170325326931553,0.0030269200112644,0,198.57384974674343,12.62,10.56,645.0,314.0,26475.0,78273.0
2019-12-31,5.575752225722676,1.1053086901562923,0.6570149121387971,0.0107037869617845,-0.0030338753857356,4,3,80.05939753924511,2.7032941543567723,0.0084520849407832,0,234.14549206641323,13.78,11.84,6777.0,-2551.0,25079.0,81240.0
2020-01-31,6.24973301714972,-1.3654009362679542,3.753506237522537,0.0070734617351286,-0.012785066773907,3,5,72.28381374722841,1.913154401563455,0.0028535142627603,0,76.33227674683947,18.84,12.15,5777.0,-1160.0,27519.0,74856.0
2020-02-29,3.909089788492843,0.1370090991515907,-1.0709937979440038,0.0059051576071844,-0.0026994503528799,5,1,86.37090327737793,3.1611406307836543,0.0093860723988124,0,156.61544617494687,40.11,12.37,5131.0,-587.0,30410.0,77413.0
2020-03-31,15.31207309656741,-0.4816080253849812,-0.6936477506751757,0.0158107026294722,-0.0167754411409233,8,4,72.83375028428469,6.025748808779752,0.0040713904670859,1,439.808856848311,53.54,11.86,1485.0,-4943.0,31325.0,64081.0
2020-04-30,8.589227173628403,-0.089983984002579,-0.8761406858811052,0.0111372787358503,-0.0074958520976534,5,2,74.47207883622696,7.390040911223217,-0.0029676662667415,0,83.315235132474,34.15,10.94,1811.0,-5084.0,34785.0,51457.0
2020-05-31,12.350931037466486,0.0621332485770801,-0.4166206390604361,0.0122580915998489,-0.0172935760792933,4,8,30.180247281394287,0.1947740682678445,-0.0471181255320838,1,86.604442018051,27.51,11.39,3415.0,-3840.0,36666.0,54359.0
2020-06-30,3.870309899197958,-1.3984057752082069,3.422158352161341,0.0046505467335795,-0.0075067339819544,6,3,86.04368932038851,-0.5946195070351767,0.0056322413513175,0,157.56379517492783,30.43,12.62,4164.0,-2180.0,38821.0,51416.0
2020-07-31,3.5892840838156004,2.6033772189448587,5.165528870988391,0.0076410033347831,-0.0010925300081574,4,7,84.163987138264,1.6155671826328488,0.0062829612913472,0,68.16009580037904,24.46,11.76,4313.0,-1632.0,43572.0,46672.0
2020-08-31,13.614290258792687,0.9000775229615324,0.6317093339823558,0.0246292751221464,-0.0109054089186267,5,3,50.50129966580021,4.209474971185823,-0.0102407676529178,1,72.51089126566592,26.41,11.77,4522.0,-3430.0,43041.0,41593.0
2020-09-30,10.722279198839212,1.0808028967599634,5.754066128343954,0.0259639015882244,-0.0141465193830763,8,2,77.6464875364195,6.939581959350916,0.0161826743058132,1,77.35654749440144,26.37,11.75,403.0,-1699.0,41097.0,42420.0
2020-10-31,10.885444658582296,0.5376928354596795,-0.4489403704076387,0.0173476959291762,-0.0074296309649507,6,4,70.86225794665694,6.378360567424468,0.0102595167339196,1,79.16429286782125,38.02,11.89,3633.0,203.0,42147.0,42259.0
2020-11-30,25.698031399685817,-0.3600667278274924,-0.4849163839193955,0.0238534285187428,-0.0334925971804399,4,3,36.80747922437671,-1.1934549581239629,-0.014971464340439,1,83.7123526466027,20.57,14.03,4684.0,-3368.0,40298.0,43898.0
2020-12-31,9.543169640899343,0.6827322092027227,-0.5599270016561202,0.0108341810783316,-0.0103102322445903,3,13,12.516527104451342,-6.724482765268947,-0.0396112289228182,0,76.12354395491543,22.75,14.6,5122.0,-3256.0,43241.0,49965.0
2021-01-31,11.351824821268997,0.6768238004983008,-0.6913586211086136,0.0145520875557356,-0.0079782582372488,3,3,52.389705882352985,-3.0014444190238687,0.0105120950961451,1,104.08058832872706,33.09,14.97,5525.0,-1421.0,42169.0,53366.0
2021-02-28,12.24207418740736,0.5342797751965892,-0.2501824586128722,0.0157004830917875,-0.0140835469269783,5,5,59.8578116871857,-1.5016574963261695,0.0308004329971592,1,95.91986142143026,27.95,15.61,6586.0,-2119.0,40719.0,54494.0
2021-03-31,35.18596277954795,2.049500620260237,5.910181707751782,0.0876498949190258,-0.0255260480805268,6,5,69.41145281018026,12.93916423122834,0.0676007463864649,1,107.35489490708004,19.4,16.19,6352.0,-2938.0,39745.0,50893.0
2021-04-30,13.330290512088416,-0.2704978324999596,0.0875774653077314,0.0154817357195391,-0.0186313063495108,4,3,51.97578611064405,5.089811369562747,-0.0178811152700159,1,106.74228604096452,18.61,17.14,6773.0,-1225.0,40936.0,46914.0
2021-05-31,7.563769596683172,0.4885598846686811,-0.0781071803975002,0.0139212784847586,-0.0040574506283663,4,3,72.58654052891832,4.982472483024036,0.0062930390881888,0,144.76759578944493,16.76,16.59,6936.0,-2993.0,43883.0,48721.0
2021-06-30,14.986851392864637,0.2786622863636088,1.0502468885744536,0.0251903644461473,-0.0207097476218891,4,6,56.76629306766294,3.4136660481389303,0.0013372934477455,1,149.44023823640345,15.83,17.53,7694.0,-780.0,40918.0,59240.0
2021-07-31,6.36277642194584,-0.4629038422856195,1.8671963935056075,0.0074250457467273,-0.011891791650247,2,3,27.04876822523906,-0.6629935343660631,-0.0234482321679262,0,140.86879993089653,18.24,18.95,7772.0,810.0,41592.0,64128.0
2021-08-31,10.69400689261755,0.5914109010840659,-0.7966780663110633,0.0127098548800153,-0.0098439996240955,4,4,24.873382104670757,-2.1478422096489647,-0.0145896498064865,1,270.89536794684955,16.48,19.25,7345.0,2817.0,40308.0,77956.0
2021-09-30,11.1190983616304,0.7836535180636716,0.0742781153603777,0.0191261240488818,-0.0084740712489421,5,3,79.79527559055087,4.024197790636497,0.0457728503830326,1,142.75259161264816,23.14,19.58,7781.0,3131.0,39204.0,82839.0
2021-10-31,17.67260968572339,-0.3126766630043371,3.4948078873933826,0.0323464912280702,-0.0286250346022534,9,1,75.13141932875057,8.34741896928508,0.0313033816859487,1,146.2532488303743,16.26,19.89,831.0,3937.0,39678.0,84105.0
2021-11-30,39.79013714906682,0.6997099496055705,3.0214791063021247,0.0881220233574293,-0.0482309257455922,8,1,85.3153690234887,30.709732316263484,0.2103240040500261,1,172.70428547009175,27.19,21.31,7086.0,-2237.0,39121.0,87024.0
2021-12-31,105.27613681753934,-2.6941107600652,8.20417527588448,0.0738883930915008,-0.2547044776801527,5,3,46.43062010026021,9.93920275579898,-0.3630360264258986,1,283.64403461336786,17.22,36.08,7724.0,-3203.0,38488.0,72563.0
2022-01-31,16.161968874839765,0.4502586173950035,0.5535035058285751,0.0270827404256628,-0.0174992377085146,4,4,42.608809305973125,1.886459059299872,-0.0246056066178031,1,509.1529307204777,24.83,48.69,9235.0,-6973.0,38577.0,71636.0
2022-02-28,15.13504666696127,1.366688938506572,4.01671654837423,0.0324626892691368,-0.0150684831011436,5,3,71.5610644014909,4.635885746254531,0.0461987733180578,1,497.2275415731943,30.15,54.44,10308.0,-5345.0,42944.0,70199.0
2022-03-31,11.348333101829969,-0.5773200144466419,-0.201065230795705,0.0119983248412089,-0.0150233206302258,9,4,43.75159723996942,4.335184442209039,-0.040026082000493,1,270.3378351256384,20.56,61.14,10729.0,-5598.0,42398.0,65638.0
2022-04-30,3.588938885075021,-1.941121043141906,3.956646565294246,0.0031592779960372,-0.0070185231829104,10,4,57.07729468599037,1.7344967645236409,-0.001664923955852,0,521.2946162405624,33.4,69.97,10836.0,-2582.0,41466.0,65398.0
2022-05-31,8.92197329068601,0.1586407764248155,-0.699526252624401,0.0148318428013602,-0.0047387423528231,12,1,93.92247668591013,8.749742655408577,0.0775292124008737,0,83.7411196347515,26.19,73.5,12553.0,-5955.0,41611.0,61285.0
2022-06-30,17.309626244604804,-2.2279927388498373,8.24865157627097,0.0229829435134572,-0.0404566404474341,8,2,28.086266732771435,3.9960292549746415,-0.1366278062321309,1,88.4092638561806,28.71,78.62,11978.0,-2711.0,41593.0,60342.0
2022-07-31,5.678722849524285,1.3762574327971442,2.176519530056626,0.0144630291028677,-0.0004611026941571,11,1,100.0,5.73472983873724,0.0312384358056195,0,79.62245025923438,21.33,79.6,11151.0,-2786.0,40162.0,61100.0
2022-08-31,2.1444816422360304,2.9874836402764986,9.425032197072538,0.0060107437878795,-0.0005909671232722,8,2,99.15718499789342,3.2056798598659952,-0.0129051473444734,0,77.32648576215469,25.87,80.21,9655.0,-1555.0,40824.0,70823.0
2022-09-30,1.3030649347988306,1.2450945554380646,0.9464253083540042,0.0030701015578726,-3.28725694844767e-05,13,2,99.93002099370206,2.2500065088394416,0.0088217865994634,0,84.9458157460235,31.62,83.45,889.0,-2081.0,38995.0,68052.0
2022-10-31,0.516400404427956,1.1627114197909931,1.4816148303645775,0.0011319473267177,-0.0003279728589017,6,2,83.18584070796496,1.1413935118514296,-0.0142034071392279,0,83.26623699645766,25.88,85.51,933.0,-837.0,39376.0,74803.0
2022-11-30,1.8545568744670795,0.0262053974054257,7.31577958431415,0.0038016047625211,-0.0036480467637689,4,5,59.84207557811615,0.3200126360984434,-0.0027979237607715,0,139.971270205013,20.58,84.39,8561.0,-3991.0,42834.0,79766.0
2022-12-31,0.4496962837066769,0.5991719360754306,0.8075415769030645,0.000877071010664,-0.0003859968905804,10,2,97.14285714285928,0.463810329080494,0.0050025052409918,0,138.488625771666,21.67,64.27,8282.0,-5869.0,45850.0,82904.0
2023-01-31,0.5009653917096802,0.1647100134768974,1.6603759656366073,0.0010344956300558,-0.000584537391794,10,1,78.04878048780563,0.5416315484538359,-0.0026889432456631,0,86.76612062969318,19.4,57.68,8342.0,-9764.0,50933.0,76206.0
2023-02-28,0.2869357009965191,1.458495055988707,2.566853804288584,0.0007594788806448,-2.1228042243803813e-05,14,1,100.0,0.5003959451388651,0.0005364850163532,0,154.11288914229291,20.7,55.18,8321.0,-8706.0,49190.0,71979.0
2023-03-31,0.8912934988808916,0.4891913274618129,0.2289110208233458,0.0020322336285034,-0.0004391302047509,19,1,100.0,1.3828265724872502,0.0123077782562083,0,177.06598404519607,18.7,50.51,7919.0,-4778.0,52175.0,70247.0
2023-04-30,0.828280642370295,0.0350666588388354,-1.360889765791995,0.0015200239894943,-0.0001504867467878,8,1,98.39156960621168,1.7504682699369667,-0.0003176911940231,0,172.7560109439863,15.78,43.68,8132.0,-4683.0,46413.0,68470.0
2023-05-31,4.401209687929351,3.22694076560846,10.390676927929448,0.0132261694901751,0.0003688751357666,21,0,100.0,4.632353576413761,0.0455944043960593,0,88.59855681227157,17.94,39.59,7198.0,-7356.0,41939.0,56518.0
2023-06-30,34.36458819684605,2.0917132920754944,3.139703844341759,0.072913952882504,-0.0025464849639142,10,4,97.20100133799474,23.51795263559968,0.1587347812305013,1,89.89809182770554,13.59,38.21,7451.0,1214.0,41432.0,67154.0
2023-07-31,7.972486276441049,3.399368166442773,10.994388901432028,0.0222741296730972,-0.0010660285833706,8,2,99.04635174096238,13.002750631466142,-0.1250672344366479,0,100.45965340085186,13.63,47.83,8522.0,-4993.0,41425.0,72348.0
2023-08-31,9.044057288635472,-3.9579121385836142,14.898227523435654,0.0045853872440801,-0.0253808602744771,13,2,31.85009654203948,0.9056425629416331,-0.1437222656392749,0,167.66613892914364,13.57,58.94,8729.0,554.0,41343.0,75955.0
2023-09-30,1.9319030716946384,0.8514228030660358,-0.2849490471757687,0.0040786289362979,-0.000103541105819,14,1,99.51142906997023,1.607837650945476,0.0341254061986392,0,178.4795062222943,17.52,61.53,9586.0,2855.0,40628.0,81574.0
2023-10-31,1.8137865650102447,0.6948189024333832,-0.6408858775643682,0.0035569915530504,-0.0001921598770175,9,1,99.8106777735704,3.286765971866568,0.0067309835456541,0,162.10263270063373,18.14,61.36,8682.0,69.0,44148.0,82411.0
2023-11-30,1.0323766491977258,-0.8667539539596155,0.0311975644818747,0.0019763815397553,-0.0005980178990558,13,1,95.87112171837737,2.8110418424539763,-0.0096648054477516,0,170.1215576729092,12.92,61.98,8172.0,-2579.0,45495.0,90997.0
2023-12-31,1.5961913777641137,-0.331473159604218,-0.1628686466558306,0.0026210388907352,-0.0013420218874085,10,1,95.44381920493764,2.436133852126221,0.0160556964844696,0,88.29879275493346,12.45,64.77,7769.0,-1710.0,48231.0,92829.0
2024-01-31,2.532478875888729,3.0292988588917136,10.050287458135635,0.0077853468650077,-0.0001321309417633,17,1,99.00099900099868,2.998060875311359,-0.0139497588856637,0,98.47827451714124,14.35,64.86,8298.0,-2278.0,4800674.0,8915381.0
2024-02-29,1.4315380354071734,0.5102732075127719,0.0248796745553923,0.0034113092460283,-0.0003359694860655,20,1,100.0,3.0954733242972043,0.0087964599780674,0,181.54954641400127,13.4,67.07,8457.0,-3330.0,4927071.0,8247915.0
2024-03-31,4.981012546336834,-2.9748395142543287,9.71636624860722,0.0053681839242063,-0.0106182496725241,15,2,67.73475745438378,3.59006136481157,-0.0413134239304581,0,187.89170904390437,13.01,68.5,8617.0,-4123.0,5437827.0,6874778.0
2024-04-30,5.950827171968951,0.4043210771266078,1.4102868550567047,0.0100363028480892,-0.0070029091380252,3,3,70.89030372612466,1.614395808194069,-0.0187404837512259,0,180.20440056126185,15.65,69.8,8823.0,-4829.0,5911318.0,6496689.0
2024-05-31,1.854988283288176,0.1407350617704904,-0.4450210680908943,0.002088370387405,-0.002248433354644,2,7,60.76490438695178,0.0960093830675301,-0.0041335527213677,0,196.13973902279025,12.92,75.45,7941.0,-579.0,5973974.0,839085.0
2024-06-30,6.485658156315072,-0.4666563816324045,-0.0563943896802774,0.0070301708919953,-0.0085411726350302,6,3,68.73612743177966,1.585982431848776,0.0626884350933494,0,191.51729709836889,12.44,71.6,8726.0,839.0,580770772828.0,848330484415.0
2024-07-31,4.441814173986341,-0.1867860264040965,-0.0578583693030925,0.0052601476127023,-0.0062581153281254,5,4,66.513504426762,1.4445079389994395,-0.0092392155343526,0,98.6094090377762,16.36,61.78,8139.0,1488.0,561039251076.0,919069699515.0
2024-08-31,2.6349184692240035,0.8114743683198916,0.263261710602539,0.0054714071445169,-0.0014751108568159,10,2,98.44306884261894,2.5181824405304365,0.0183715284982515,0,195.44447103234825,15.0,51.97,802.0,4889.0,600434399015.0,893294783968.0
2024-09-30,2.59490902661915,0.3253348759432848,-1.0453878035757005,0.0032310035220584,-0.002432316236447,4,3,59.58711291836169,1.3560918835588298,-0.0100555873604369,0,200.33542205481692,16.73,49.38,7235.0,3040.0,635659754181.0,938244375656.0
2024-10-31,1.3964907229535832,-0.1755672817833343,-0.5884628533212872,0.0018492022389389,-0.0013995699025267,4,3,52.39361702127578,0.4803021243381389,-0.0119538973205724,0,106.66568079416987,23.16,48.58,7325.0,2250.0,658944587923.0,935036307187.0
2024-11-30,2.2734254776513403,-0.5409243138266878,0.2326130446139793,0.0028783169695685,-0.0028593224978016,5,2,80.89235694277687,0.9763672964627323,0.0162630003487095,0,109.88974329826932,13.51,47.09,7416.0,-2770.0,649198534555.0,92818317515.0
2024-12-31,1.4809167704206216,-0.9761651157007206,1.7408893354321586,0.0024630611844853,-0.0018884670241332,14,2,86.82466025853464,1.8673584613926095,0.0126625914316044,0,215.1453476782495,17.35,44.38,7458.0,-4659.0,643192916857.0,907379599356.0
